id_venda,data_venda,ano,id_cliente,id_produto,categoria,quantidade,preco_unitario,desconto,valor_total,canal,estado
1,2023-08-17,2023,18,24,Alimentos,1,1116.2,0.049,1061.51,Loja,DF
2,2025-05-14,2025,65,20,Eletronicos,1,59.25,0.0437,56.66,Online,GO
3,2025-05-09,2025,1,25,Bebidas,4,682.08,0.0556,2576.63,Televendas,SC
4,2024-07-23,2024,14,3,Papelaria,3,334.74,0.1527,850.88,Loja,SC
5,2024-12-05,2024,59,18,Alimentos,10,407.81,0.0087,4042.62,Televendas,RJ
6,2024-08-23,2024,25,23,Alimentos,10,1329.9,0.0723,12337.48,Loja,PR
7,2024-08-15,2024,49,9,Esporte,2,1285.15,0.1733,2124.87,Marketplace,MG
8,2025-01-28,2025,88,21,Alimentos,6,326.12,0.0534,1852.23,Online,GO
9,2024-05-16,2024,82,23,Higiene,3,701.46,0.054,1990.74,Marketplace,SP
10,2024-04-14,2024,9,7,Vestuario,1,1210.49,0.0802,1113.41,Online,PE
11,2025-03-21,2025,96,18,Casa,8,227.16,0.0279,1766.58,Televendas,DF
12,2025-03-28,2025,66,16,Alimentos,6,340.69,0.1995,1636.33,Loja,RJ
13,2023-11-10,2023,9,13,Papelaria,3,1191.24,0.0844,3272.1,Televendas,GO
14,2024-05-29,2024,93,4,Casa,9,1293.26,0.0023,11612.57,Marketplace,RJ
15,2024-08-24,2024,93,29,Casa,7,249.86,0.0006,1747.97,Online,GO
16,2023-08-06,2023,26,5,Vestuario,5,1264.88,0.1015,5682.47,Online,GO
17,2025-12-22,2025,15,30,Vestuario,1,904.43,0.0977,816.07,Marketplace,PR
18,2023-04-29,2023,11,24,Esporte,4,1318.84,0.1894,4276.21,Loja,GO
19,2023-09-15,2023,22,9,Papelaria,3,994.73,0.1894,2418.98,Online,GO
20,2024-02-16,2024,48,15,Esporte,5,607.5,0.1343,2629.56,Loja,PR
21,2024-04-05,2024,30,19,Higiene,2,517.06,0.1177,912.4,Loja,RJ
22,2023-05-01,2023,43,3,Higiene,4,115.09,0.0063,457.46,Marketplace,PE
23,2024-03-14,2024,74,19,Esporte,9,211.48,0.1871,1547.21,Online,PE
24,2025-04-13,2025,46,14,Papelaria,4,155.07,0.1318,538.53,Televendas,SP
25,2023-07-21,2023,14,8,Higiene,1,612.89,0.0679,571.27,Online,GO
26,2025-07-07,2025,32,28,Alimentos,3,641.49,0.0557,1817.28,Televendas,GO
27,2023-07-20,2023,2,3,Higiene,1,983.44,0.1081,877.13,Online,BA
28,2025-09-21,2025,8,6,Papelaria,8,332.41,0.0802,2446.01,Loja,BA
29,2024-06-27,2024,94,26,Esporte,8,438.6,0.1393,3020.02,Online,PR
30,2024-08-30,2024,70,2,Vestuario,4,1453.53,0.1158,5140.84,Loja,SP
31,2025-09-03,2025,8,17,Alimentos,9,1380.29,0.1062,11103.33,Online,RJ
32,2023-05-20,2023,73,8,Eletronicos,4,614.61,0.1883,1995.52,Loja,BA
33,2025-12-06,2025,92,11,Higiene,6,1403.04,0.0409,8073.93,Marketplace,BA
34,2023-09-26,2023,10,1,Esporte,5,693.98,0.1858,2825.19,Loja,RJ
35,2024-03-12,2024,9,29,Higiene,9,408.82,0.1867,2992.44,Marketplace,RS
36,2023-11-20,2023,79,26,Eletronicos,8,1253.11,0.1407,8614.38,Marketplace,RJ
37,2023-10-03,2023,71,5,Casa,5,186.41,0.0214,912.1,Marketplace,DF
38,2024-03-07,2024,34,17,Esporte,6,317.34,0.1268,1662.61,Marketplace,SP
39,2023-07-09,2023,43,25,Bebidas,7,1246.58,0.0088,8649.27,Marketplace,MG
40,2025-06-23,2025,15,3,Bebidas,9,1062.92,0.1122,8492.94,Loja,SC
41,2023-10-31,2023,6,29,Vestuario,7,204.26,0.0617,1341.6,Online,PR
42,2023-07-30,2023,53,20,Bebidas,6,1173.47,0.1768,5796.0,Online,MG
43,2023-12-29,2023,43,26,Papelaria,7,51.81,0.1473,309.25,Online,RS
44,2023-11-23,2023,61,8,Higiene,2,583.07,0.0077,1157.16,Televendas,SC
45,2024-09-17,2024,52,11,Casa,4,346.04,0.132,1201.45,Loja,RS
46,2024-12-20,2024,69,11,Eletronicos,9,608.52,0.1962,4402.16,Loja,RS
47,2024-01-01,2024,14,20,Papelaria,10,1444.36,0.0531,13676.64,Marketplace,SC
48,2025-06-12,2025,74,7,Casa,10,1476.59,0.0231,14424.81,Loja,BA
49,2023-01-04,2023,93,24,Higiene,9,1389.48,0.1077,11158.5,Marketplace,BA
50,2023-05-24,2023,16,24,Casa,6,940.39,0.1327,4893.6,Marketplace,BA
